-- MySQL dump 10.13  Distrib 8.0.40, for Linux (x86_64)
--
-- Host: terraform-20241116010818384300000003.c3um20ke28jo.ap-northeast-2.rds.amazonaws.com    Database: SOONGSIL_STUDENT_CAFETERIA_SCM
-- ------------------------------------------------------
-- Server version	8.0.39

/*!40101 SET @OLD_CHARACTER_SET_CLIENT=@@CHARACTER_SET_CLIENT */;
/*!40101 SET @OLD_CHARACTER_SET_RESULTS=@@CHARACTER_SET_RESULTS */;
/*!40101 SET @OLD_COLLATION_CONNECTION=@@COLLATION_CONNECTION */;
/*!50503 SET NAMES utf8mb4 */;
/*!40103 SET @OLD_TIME_ZONE=@@TIME_ZONE */;
/*!40103 SET TIME_ZONE='+00:00' */;
/*!40014 SET @OLD_UNIQUE_CHECKS=@@UNIQUE_CHECKS, UNIQUE_CHECKS=0 */;
/*!40014 SET @OLD_FOREIGN_KEY_CHECKS=@@FOREIGN_KEY_CHECKS, FOREIGN_KEY_CHECKS=0 */;
/*!40101 SET @OLD_SQL_MODE=@@SQL_MODE, SQL_MODE='NO_AUTO_VALUE_ON_ZERO' */;
/*!40111 SET @OLD_SQL_NOTES=@@SQL_NOTES, SQL_NOTES=0 */;
SET @MYSQLDUMP_TEMP_LOG_BIN = @@SESSION.SQL_LOG_BIN;
SET @@SESSION.SQL_LOG_BIN= 0;

--
-- GTID state at the beginning of the backup 
--

SET @@GLOBAL.GTID_PURGED=/*!80000 '+'*/ '';

--
-- Table structure for table `INGREDIENT`
--

DROP TABLE IF EXISTS `INGREDIENT`;
/*!40101 SET @saved_cs_client     = @@character_set_client */;
/*!50503 SET character_set_client = utf8mb4 */;
CREATE TABLE `INGREDIENT` (
  `IngredientID` int NOT NULL AUTO_INCREMENT,
  `Name` varchar(255) NOT NULL,
  `Quantity` decimal(10,2) NOT NULL,
  `Cost` decimal(10,2) NOT NULL,
  `SupplierID` int NOT NULL,
  `NutritionID` int NOT NULL,
  `Unit` char(5) NOT NULL,
  PRIMARY KEY (`IngredientID`),
  UNIQUE KEY `NutritionID` (`NutritionID`),
  KEY `INGREDIENT_SupplierID_fk` (`SupplierID`),
  CONSTRAINT `INGREDIENT_NutritionID_fk` FOREIGN KEY (`NutritionID`) REFERENCES `NUTRITION` (`NutritionID`),
  CONSTRAINT `INGREDIENT_SupplierID_fk` FOREIGN KEY (`SupplierID`) REFERENCES `SUPPLIER` (`SupplierID`)
) ENGINE=InnoDB AUTO_INCREMENT=53 DEFAULT CHARSET=utf8mb4 COLLATE=utf8mb4_0900_ai_ci;
/*!40101 SET character_set_client = @saved_cs_client */;

--
-- Dumping data for table `INGREDIENT`
--

LOCK TABLES `INGREDIENT` WRITE;
/*!40000 ALTER TABLE `INGREDIENT` DISABLE KEYS */;
INSERT INTO `INGREDIENT` VALUES (1,'소금',50.00,30000.00,1,1,'kg'),(2,'후추',20.00,100000.00,1,2,'kg'),(3,'달걀',360.00,100000.00,2,3,'개'),(4,'밀가루',100.00,100000.00,1,4,'kg'),(5,'빵가루',80.00,100000.00,1,5,'kg'),(6,'튀김유',100.00,100000.00,1,6,'L'),(7,'새우',500.00,200000.00,4,7,'kg'),(8,'돼지고기',300.00,200000.00,6,8,'kg'),(9,'묵은지',100.00,200000.00,1,9,'kg'),(10,'양파',200.00,200000.00,2,10,'kg'),(11,'두부',300.00,200000.00,2,11,'모'),(12,'대파',150.00,200000.00,2,12,'kg'),(13,'청양고추',50.00,200000.00,2,13,'kg'),(14,'다진 마늘',50.00,200000.00,2,14,'kg'),(15,'고춧가루',50.00,200000.00,1,15,'kg'),(16,'된장',80.00,200000.00,2,16,'kg'),(17,'국간장',100.00,200000.00,1,17,'L'),(18,'식용유',200.00,200000.00,1,18,'L'),(19,'닭고기',300.00,200000.00,6,19,'kg'),(20,'맛술',80.00,200000.00,1,20,'L'),(21,'다진 생강',30.00,200000.00,2,21,'kg'),(22,'감자전분',50.00,200000.00,1,22,'kg'),(23,'감자',200.00,200000.00,2,23,'kg'),(24,'배추',300.00,200000.00,2,24,'kg'),(25,'들깨가루',40.00,200000.00,1,25,'kg'),(26,'고추장',80.00,200000.00,2,26,'kg'),(27,'깻잎',50.00,200000.00,2,27,'kg'),(28,'설탕',100.00,200000.00,1,28,'kg'),(29,'쌀',500.00,200000.00,2,29,'kg'),(30,'치즈',100.00,200000.00,6,30,'kg'),(31,'당면',100.00,200000.00,1,31,'kg'),(32,'당근',150.00,200000.00,2,32,'kg'),(33,'참기름',50.00,200000.00,1,33,'L'),(34,'물엿',80.00,200000.00,1,34,'kg'),(35,'참치',200.00,200000.00,3,35,'kg'),(36,'마요네즈',80.00,200000.00,1,36,'kg'),(37,'돈까스 소스',100.00,200000.00,1,37,'L'),(38,'토마토',150.00,200000.00,2,38,'kg'),(39,'토마토 소스',100.00,200000.00,1,39,'L'),(40,'소고기',300.00,300000.00,6,40,'kg'),(41,'차돌박이',200.00,300000.00,6,41,'kg'),(42,'굴소스',50.00,150000.00,1,42,'L'),(43,'떡갈비',200.00,250000.00,1,43,'kg'),(44,'파스타면',150.00,150000.00,1,44,'kg'),(45,'숙주나물',100.00,150000.00,2,45,'kg'),(46,'돈코츠육수',200.00,200000.00,1,46,'L'),(47,'오징어',150.00,150000.00,4,47,'kg'),(48,'우유',200.00,150000.00,6,48,'L'),(49,'어묵',150.00,150000.00,4,49,'kg'),(50,'만두',300.00,200000.00,5,50,'kg'),(51,'미니소떡',200.00,200000.00,5,51,'kg'),(52,'마라소스',100.00,200000.00,5,52,'L');
/*!40000 ALTER TABLE `INGREDIENT` ENABLE KEYS */;
UNLOCK TABLES;

--
-- Table structure for table `MENU`
--

DROP TABLE IF EXISTS `MENU`;
/*!40101 SET @saved_cs_client     = @@character_set_client */;
/*!50503 SET character_set_client = utf8mb4 */;
CREATE TABLE `MENU` (
  `MenuID` int NOT NULL AUTO_INCREMENT,
  `Price` decimal(10,2) NOT NULL,
  `Term` char(10) NOT NULL,
  `RecipeID` int NOT NULL,
  `Date` date NOT NULL,
  PRIMARY KEY (`MenuID`),
  KEY `MENU_RecipeID_fk` (`RecipeID`),
  CONSTRAINT `MENU_RecipeID_fk` FOREIGN KEY (`RecipeID`) REFERENCES `RECIPE` (`RecipeID`),
  CONSTRAINT `chk_term` CHECK ((`Term` in (_utf8mb4'Breakfast',_utf8mb4'Lunch',_utf8mb4'Dinner')))
) ENGINE=InnoDB AUTO_INCREMENT=85 DEFAULT CHARSET=utf8mb4 COLLATE=utf8mb4_0900_ai_ci;
/*!40101 SET character_set_client = @saved_cs_client */;

--
-- Dumping data for table `MENU`
--

LOCK TABLES `MENU` WRITE;
/*!40000 ALTER TABLE `MENU` DISABLE KEYS */;
INSERT INTO `MENU` VALUES (1,1000.00,'Breakfast',1,'2024-10-30'),(2,5000.00,'Lunch',2,'2024-10-30'),(3,5000.00,'Lunch',3,'2024-10-30'),(4,5000.00,'Lunch',4,'2024-10-30'),(5,1000.00,'Breakfast',5,'2024-11-01'),(6,5000.00,'Lunch',6,'2024-11-01'),(7,5000.00,'Lunch',7,'2024-11-01'),(8,5000.00,'Lunch',4,'2024-11-01'),(9,1000.00,'Breakfast',8,'2024-11-04'),(10,5000.00,'Lunch',9,'2024-11-04'),(11,5000.00,'Lunch',10,'2024-11-04'),(12,5000.00,'Lunch',11,'2024-11-04'),(13,1000.00,'Breakfast',15,'2024-11-05'),(14,5000.00,'Lunch',30,'2024-11-05'),(15,5000.00,'Lunch',27,'2024-11-05'),(16,5000.00,'Lunch',4,'2024-11-05'),(17,1000.00,'Breakfast',1,'2024-11-06'),(18,5000.00,'Lunch',2,'2024-11-06'),(19,5000.00,'Lunch',3,'2024-11-06'),(20,5000.00,'Lunch',11,'2024-11-06'),(21,1000.00,'Breakfast',5,'2024-11-07'),(22,5000.00,'Lunch',6,'2024-11-07'),(23,5000.00,'Lunch',7,'2024-11-07'),(24,5000.00,'Lunch',23,'2024-11-07'),(25,1000.00,'Breakfast',8,'2024-11-08'),(26,5000.00,'Lunch',9,'2024-11-08'),(27,5000.00,'Lunch',10,'2024-11-08'),(28,5000.00,'Lunch',17,'2024-11-08'),(29,1000.00,'Breakfast',12,'2024-11-11'),(30,5000.00,'Lunch',13,'2024-11-11'),(31,5000.00,'Lunch',14,'2024-11-11'),(32,5000.00,'Lunch',4,'2024-11-11'),(33,1000.00,'Breakfast',12,'2024-11-12'),(34,5000.00,'Lunch',13,'2024-11-12'),(35,5000.00,'Lunch',14,'2024-11-12'),(36,5000.00,'Lunch',11,'2024-11-12'),(37,1000.00,'Breakfast',8,'2024-11-13'),(38,5000.00,'Lunch',15,'2024-11-13'),(39,5000.00,'Lunch',16,'2024-11-13'),(40,5000.00,'Lunch',17,'2024-11-13'),(41,1000.00,'Breakfast',15,'2024-11-14'),(42,5000.00,'Lunch',18,'2024-11-14'),(43,5000.00,'Lunch',19,'2024-11-14'),(44,5000.00,'Lunch',4,'2024-11-14'),(45,1000.00,'Breakfast',20,'2024-11-15'),(46,5000.00,'Lunch',21,'2024-11-15'),(47,5000.00,'Lunch',22,'2024-11-15'),(48,5000.00,'Lunch',23,'2024-11-15'),(49,1000.00,'Breakfast',24,'2024-11-18'),(50,5000.00,'Lunch',25,'2024-11-18'),(51,5000.00,'Lunch',26,'2024-11-18'),(52,5000.00,'Lunch',4,'2024-11-18'),(53,1000.00,'Breakfast',28,'2024-11-19'),(54,5000.00,'Lunch',29,'2024-11-19'),(55,5000.00,'Lunch',3,'2024-11-19'),(56,5000.00,'Lunch',11,'2024-11-19'),(57,1000.00,'Breakfast',27,'2024-11-20'),(58,5000.00,'Lunch',30,'2024-11-20'),(59,5000.00,'Lunch',27,'2024-11-20'),(60,5000.00,'Lunch',4,'2024-11-20'),(61,1000.00,'Breakfast',8,'2024-11-21'),(62,5000.00,'Lunch',2,'2024-11-21'),(63,5000.00,'Lunch',10,'2024-11-21'),(64,5000.00,'Lunch',11,'2024-11-21'),(65,1000.00,'Breakfast',1,'2024-11-22'),(66,5000.00,'Lunch',6,'2024-11-22'),(67,5000.00,'Lunch',16,'2024-11-22'),(68,5000.00,'Lunch',4,'2024-11-22'),(69,1000.00,'Breakfast',5,'2024-11-25'),(70,5000.00,'Lunch',13,'2024-11-25'),(71,5000.00,'Lunch',22,'2024-11-25'),(72,5000.00,'Lunch',23,'2024-11-25'),(73,1000.00,'Breakfast',15,'2024-11-26'),(74,5000.00,'Lunch',21,'2024-11-26'),(75,5000.00,'Lunch',3,'2024-11-26'),(76,5000.00,'Lunch',11,'2024-11-26'),(77,1000.00,'Breakfast',20,'2024-11-27'),(78,5000.00,'Lunch',29,'2024-11-27'),(79,5000.00,'Lunch',14,'2024-11-27'),(80,5000.00,'Lunch',4,'2024-11-27'),(81,1000.00,'Breakfast',24,'2024-11-28'),(82,5000.00,'Lunch',30,'2024-11-28'),(83,5000.00,'Lunch',7,'2024-11-28'),(84,5000.00,'Lunch',17,'2024-11-28');
/*!40000 ALTER TABLE `MENU` ENABLE KEYS */;
UNLOCK TABLES;

--
-- Table structure for table `NUTRITION`
--

DROP TABLE IF EXISTS `NUTRITION`;
/*!40101 SET @saved_cs_client     = @@character_set_client */;
/*!50503 SET character_set_client = utf8mb4 */;
CREATE TABLE `NUTRITION` (
  `NutritionID` int NOT NULL AUTO_INCREMENT,
  `Calories` decimal(10,2) DEFAULT NULL,
  `Protein` decimal(10,2) DEFAULT NULL,
  `Carbohydrates` decimal(10,2) DEFAULT NULL,
  `Fat` decimal(10,2) DEFAULT NULL,
  `Sugar` decimal(10,2) DEFAULT NULL,
  `Sodium` decimal(10,2) DEFAULT NULL,
  PRIMARY KEY (`NutritionID`)
) ENGINE=InnoDB AUTO_INCREMENT=53 DEFAULT CHARSET=utf8mb4 COLLATE=utf8mb4_0900_ai_ci;
/*!40101 SET character_set_client = @saved_cs_client */;

--
-- Dumping data for table `NUTRITION`
--

LOCK TABLES `NUTRITION` WRITE;
/*!40000 ALTER TABLE `NUTRITION` DISABLE KEYS */;
INSERT INTO `NUTRITION` VALUES (1,0.00,0.00,0.00,0.00,0.00,19350.00),(2,120000.00,1500.00,22000.00,200.00,1000.00,10000.00),(3,7000.00,6000.00,1000.00,5000.00,0.00,30000.00),(4,180000.00,4000.00,38000.00,1000.00,1000.00,100000.00),(5,195000.00,5500.00,35000.00,2500.00,2000.00,300000.00),(6,440000.00,0.00,0.00,50000.00,0.00,0.00),(7,85000.00,18000.00,0.00,1000.00,0.00,55000.00),(8,121000.00,13500.00,0.00,7000.00,0.00,32500.00),(9,10000.00,1000.00,2000.00,0.00,500.00,15000.00),(10,20000.00,500.00,4500.00,0.00,2000.00,2000.00),(11,38000.00,4000.00,1000.00,2000.00,0.00,4000.00),(12,15000.00,500.00,3500.00,0.00,500.00,8000.00),(13,14000.00,500.00,3000.00,0.00,0.00,1000.00),(14,74500.00,3000.00,16500.00,0.00,500.00,8500.00),(15,150000.00,6000.00,14000.00,8500.00,500.00,45000.00),(16,92500.00,6000.00,16500.00,2500.00,500.00,2500000.00),(17,5000.00,500.00,500.00,0.00,0.00,335000.00),(18,440000.00,0.00,0.00,50000.00,0.00,0.00),(19,119500.00,13500.00,0.00,7000.00,0.00,41000.00),(20,35000.00,0.00,3000.00,0.00,3000.00,5000.00),(21,40000.00,1000.00,9000.00,0.00,500.00,1500.00),(22,171500.00,0.00,42500.00,0.00,0.00,1500.00),(23,38500.00,1000.00,8500.00,0.00,500.00,3000.00),(24,8000.00,500.00,2000.00,0.00,1000.00,6500.00),(25,50000.00,2500.00,6000.00,3500.00,500.00,5000.00),(26,100000.00,4000.00,22000.00,0.00,3500.00,1425000.00),(27,18500.00,1000.00,3500.00,500.00,500.00,3500.00),(28,193500.00,0.00,50000.00,0.00,50000.00,0.00),(29,182500.00,3500.00,40000.00,500.00,0.00,1500.00),(30,201000.00,12500.00,500.00,16500.00,500.00,310500.00),(31,167500.00,0.00,41000.00,0.00,0.00,2500.00),(32,20500.00,500.00,5000.00,0.00,2500.00,34500.00),(33,440000.00,0.00,0.00,50000.00,0.00,0.00),(34,159500.00,0.00,39500.00,0.00,35500.00,20500.00),(35,84000.00,11500.00,0.00,2500.00,0.00,103000.00),(36,340000.00,500.00,500.00,37500.00,500.00,317500.00),(37,53500.00,500.00,13000.00,0.00,7500.00,438000.00),(38,9000.00,500.00,2000.00,0.00,1500.00,2500.00),(39,41000.00,1000.00,6500.00,0.00,4500.00,340000.00),(40,125000.00,13000.00,0.00,7500.00,0.00,36000.00),(41,155000.00,10000.00,0.00,13000.00,0.00,35000.00),(42,32500.00,500.00,5500.00,0.00,4500.00,425000.00),(43,108500.00,9500.00,2500.00,7000.00,500.00,315000.00),(44,178500.00,6000.00,35500.00,1000.00,1500.00,2500.00),(45,8000.00,1000.00,1500.00,0.00,1000.00,5000.00),(46,17500.00,2500.00,1500.00,500.00,0.00,4000.00),(47,46000.00,7500.00,2000.00,500.00,1000.00,22000.00),(48,21000.00,1500.00,2500.00,500.00,2500.00,22000.00),(49,74000.00,4000.00,9000.00,1500.00,500.00,254500.00),(50,108500.00,3500.00,15000.00,3500.00,500.00,200000.00),(51,90000.00,2500.00,12500.00,3500.00,1000.00,250000.00),(52,49000.00,1500.00,10000.00,1000.00,5500.00,350000.00);
/*!40000 ALTER TABLE `NUTRITION` ENABLE KEYS */;
UNLOCK TABLES;

--
-- Table structure for table `ORDERING`
--

DROP TABLE IF EXISTS `ORDERING`;
/*!40101 SET @saved_cs_client     = @@character_set_client */;
/*!50503 SET character_set_client = utf8mb4 */;
CREATE TABLE `ORDERING` (
  `OrderingID` int NOT NULL AUTO_INCREMENT,
  `OrderedAt` datetime DEFAULT NULL,
  PRIMARY KEY (`OrderingID`)
) ENGINE=InnoDB AUTO_INCREMENT=7 DEFAULT CHARSET=utf8mb4 COLLATE=utf8mb4_0900_ai_ci;
/*!40101 SET character_set_client = @saved_cs_client */;

--
-- Dumping data for table `ORDERING`
--

LOCK TABLES `ORDERING` WRITE;
/*!40000 ALTER TABLE `ORDERING` DISABLE KEYS */;
INSERT INTO `ORDERING` VALUES (1,'2023-01-11 11:44:02'),(2,'2023-07-12 17:09:57'),(3,'2023-09-07 20:57:06'),(4,'2023-06-09 21:15:31'),(5,'2023-11-15 03:41:56'),(6,'2023-04-21 04:59:30');
/*!40000 ALTER TABLE `ORDERING` ENABLE KEYS */;
UNLOCK TABLES;

--
-- Table structure for table `ORDERING_ITEM`
--

DROP TABLE IF EXISTS `ORDERING_ITEM`;
/*!40101 SET @saved_cs_client     = @@character_set_client */;
/*!50503 SET character_set_client = utf8mb4 */;
CREATE TABLE `ORDERING_ITEM` (
  `OrderingID` int NOT NULL,
  `IngredientID` int NOT NULL,
  `Quantity` int NOT NULL,
  `Status` char(20) NOT NULL,
  PRIMARY KEY (`OrderingID`,`IngredientID`),
  KEY `ORDERING_ITEM_IngredientID_fk` (`IngredientID`),
  CONSTRAINT `ORDERING_ITEM_IngredientID_fk` FOREIGN KEY (`IngredientID`) REFERENCES `INGREDIENT` (`IngredientID`),
  CONSTRAINT `ORDERING_ITEM_OrderingID_fk` FOREIGN KEY (`OrderingID`) REFERENCES `ORDERING` (`OrderingID`),
  CONSTRAINT `chk_status` CHECK ((`Status` in (_utf8mb4'Preparing',_utf8mb4'Shipping',_utf8mb4'Delivered',_utf8mb4'Cancelled',_utf8mb4'Returning',_utf8mb4'Returned')))
) ENGINE=InnoDB DEFAULT CHARSET=utf8mb4 COLLATE=utf8mb4_0900_ai_ci;
/*!40101 SET character_set_client = @saved_cs_client */;

--
-- Dumping data for table `ORDERING_ITEM`
--

LOCK TABLES `ORDERING_ITEM` WRITE;
/*!40000 ALTER TABLE `ORDERING_ITEM` DISABLE KEYS */;
INSERT INTO `ORDERING_ITEM` VALUES (1,1,2,'Delivered'),(1,2,5,'Delivered'),(1,5,3,'Delivered'),(1,33,10,'Preparing'),(2,7,7,'Cancelled'),(2,17,10,'Cancelled'),(3,33,10,'Returning'),(4,1,4,'Returned'),(4,16,3,'Returned'),(4,22,2,'Returning'),(5,4,3,'Delivered'),(5,33,4,'Delivered');
/*!40000 ALTER TABLE `ORDERING_ITEM` ENABLE KEYS */;
UNLOCK TABLES;

--
-- Table structure for table `RECIPE`
--

DROP TABLE IF EXISTS `RECIPE`;
/*!40101 SET @saved_cs_client     = @@character_set_client */;
/*!50503 SET character_set_client = utf8mb4 */;
CREATE TABLE `RECIPE` (
  `RecipeID` int NOT NULL AUTO_INCREMENT,
  `Name` varchar(255) NOT NULL,
  `Corner` char(50) NOT NULL,
  `Instructions` varchar(4095) NOT NULL,
  PRIMARY KEY (`RecipeID`),
  CONSTRAINT `chk_corner` CHECK ((`Corner` in (_utf8mb4'HotPot',_utf8mb4'RiceBowl',_utf8mb4'Western')))
) ENGINE=InnoDB AUTO_INCREMENT=31 DEFAULT CHARSET=utf8mb4 COLLATE=utf8mb4_0900_ai_ci;
/*!40101 SET character_set_client = @saved_cs_client */;

--
-- Dumping data for table `RECIPE`
--

LOCK TABLES `RECIPE` WRITE;
/*!40000 ALTER TABLE `RECIPE` DISABLE KEYS */;
INSERT INTO `RECIPE` VALUES (1,'새우까스','Western','1. 새우를 손질한다.\n2. 손질한 새우에 소금과 후추를 뿌린 후 10분 정도 재워둔다.\n3. 손질한 새우에 밀가루를 골고루 묻혀준다.\n4. 달걀을 풀어 계란물을 만든다.\n5. 밀가루를 묻힌 새우를 계란물에 담갔다가 빵가루를 고루 묻힌다.\n6. 대형 튀김기에 튀김유를 170~180도로 예열한다.\n7. 손질한 새우를 여러 번 나눠서 2~3분간 튀긴다.'),(2,'뚝배기삼겹살김치찌개','RiceBowl','1. 삼겹살, 묵은지, 양파, 두부, 대파, 청양고추를 적당한 크기로 손질한다.\n2. 대형 뚝배기에 식용유를 두르고 삼겹살을 넣어 중불에서 볶는다.\n3. 소금과 후추로 간을 한다.\n4. 삼겹살이 익으면 묵은지를 넣고 고춧가루와 다진 마늘을 넣어 함께 볶는다.\n5. 김치가 부드러워질 때까지 3~4분간 볶는다.\n6. 물을 뚝배기에 붓고, 된장과 국간장을 넣어 간을 맞춘다.\n7. 중불에서 10~15분간 끓인다.\n8. 양파와 두부를 넣고 5분간 더 끓인다.\n9. 마지막으로 대파와 청양고추를 넣고 1~2분 더 끓인다.'),(3,'치킨가라아게동','RiceBowl','1. 닭다리살을 손질하고, 간장, 맛술, 다진마늘, 다진 생강, 소금, 후추를 넣고 20분간 재워둔다.\n2. 밑간이 끝난 닭고기에 감자전분을 골고루 묻혀준다.\n3. 대형 튀김기에 튀김유를 170~180도로 예열한다.\n4. 닭고기를 여러 번 나눠서 3~4분간 튀겨준다.\n5. 한 번 더 1분 정도 튀겨준다.\n6. 대형 솥에 간장, 맛술, 설탕, 물을 넣고 중불에서 끓인다.\n7. 따뜻한 밥을 그릇에 담고, 중불에서 끓인 소스를 한두 스푼씩 뿌린다.\n8. 바삭하게 튀긴 치킨 가라아게를 밥 위에 올린다.'),(4,'치즈돈까스','Western','1. 돼지고기를 손질하고 소금과 후추로 밑간을 한다.\n2. 밑간이 된 돼지고기에 치즈를 넣고 감싸준다.\n3. 돼지고기에 밀가루를 묻힌다.\n4. 달걀을 풀어 계란물을 만든 후 밀가루를 묻힌 돼지고기를 계란물에 담갔다가 빵가루를 고루 묻힌다.\n5. 대형 튀김기에 튀김유를 170~180도로 예열한다.\n6. 돼지고기를 여러 번 나눠서 3~4분간 튀긴다.\n7. 돈까스 소스와 함께 제공한다.'),(5,'안동찜닭','HotPot','1. 닭고기를 끓는 물에 2~3분간 데친 후, 불순물을 제거하고 건져낸다.\n2. 감자, 당근, 양파, 대파, 청양고추를 썰어 준비한다.\n3. 당면을 찬물에 20~30분간 불려준다.\n4. 대형 용기에 간장, 맛술, 다진 마늘, 설탕, 물엿, 고춧가루, 후추, 물을 넣고 잘 섞어준다.\n5. 대형 솥에 식용유를 두르고, 닭을 넣어 살짝 볶는다.\n6. 닭이 겉면만 익으면 준비한 소스를 넣고, 감자, 당근을 함께 넣는다.\n7. 뚜껑을 덮고 중불에서 15분간 끓인다.\n8. 양파, 청양고추를 넣고 5~10분간 더 끓인다.\n9. 불린 당면을 넣고 3~5분간 더 조리한다.\n10. 참기름과 대파를 넣고 한 번 더 섞어준다.\n11. 불을 끄고 담아낸다.'),(6,'뼈없는감자탕','RiceBowl','1. 돼지고기를 2~3분간 데쳐 불순물을 제거한다.\n2. 배추를 깨끗이 씻고, 끓는 물에 살짝 데친 후 찬물에 헹구고, 먹기 좋은 크기로 썰어준다.\n3. 감자는 껍질을 벗기고 큼직하게 썰어 찬물에 담가 전분기를 제거한다.\n4. 대형 용기에 고춧가루, 된장, 고추장, 다진 마늘, 다진 생강, 후추를 넣어 양념장을 준비한다.\n5. 대형 솥에 물을 붓고 돼지고기와 감자를 넣고 10분간 끓이다.\n6. 양념장을 넣고, 배추를 추가하여 중불에서 15분간 더 끓인다.\n7. 들깨가루, 대파, 청양고추를 넣고 5분간 더 끓인다.\n8. 깻잎을 넣고 불을 끈다.'),(7,'참치마요덮밥','Western','1. 참치, 마요네즈, 간장, 물엿을 넣고 섞어준다.\n2. 밥 위에 섞어둔 참치마요를 올린다.'),(8,'두부조림','HotPot','1. 두부를 썰어서 준비한다.\n2. 대형 웍에 식용유를 두르고 두부를 앞뒤로 노릇하게 구워준다.\n3. 대형 용기에 간장, 고춧가루, 다진 마늘, 설탕, 물엿, 물, 후추를 넣고 섞는다.'),(9,'뚝배기파개장당면사리','Western','1. 소고기를 데친 후 찬물에 헹군다.\n2. 대파와 당면을 준비한다.\n3. 대형 솥에 물을 붓고 고기를 넣어 끓인다.\n4. 파, 당면, 고춧가루, 다진 마늘을 넣고 끓인다.\n5. 소금과 후추로 간을 맞춘다.'),(10,'바베큐치킨덮밥','Western','1. 닭고기를 손질하여 굴소스, 간장, 다진 마늘로 밑간한다.\n2. 대형 그릴에 닭고기를 굽는다.\n3. 양파를 썰어 함께 볶는다.\n4. 밥 위에 구운 닭고기를 올린다.'),(11,'등심돈까스','Western','1. 돼지고기에 소금과 후추로 밑간한다.\n2. 밀가루, 계란물, 빵가루 순서로 입힌다.\n3. 170도로 예열한 기름에서 노릇하게 튀긴다.\n4. 돈까스 소스를 곁들인다.'),(12,'남도떡갈비조림','HotPot','1. 떡갈비를 대형 그릴에서 겉면이 노릇해질 때까지 굽는다.\n2. 간장, 설탕, 다진 마늘, 참기름으로 양념장을 만든다.\n3. 양념장을 넣고 조린다.'),(13,'차돌짬뽕','HotPot','1. 차돌박이를 얇게 썬다.\n2. 면을 삶는다.\n3. 대형 웍에 고추기름을 두르고 다진 마늘을 볶는다.\n4. 차돌박이와 야채를 넣고 볶는다.\n5. 육수를 붓고 끓인다.\n6. 삶은 면을 넣고 완성한다.'),(14,'폭찹스테이크덮밥','Western','1. 돼지고기에 소금과 후추로 밑간한다.\n2. 대형 웍에 고기를 굽는다.\n3. 양파와 당근을 넣고 볶는다.\n4. 밥 위에 올려 완성한다.'),(15,'뚝배기불고기','HotPot','1. 소고기를 얇게 썬다.\n2. 간장, 설탕, 다진 마늘로 양념한다.\n3. 뚝배기에 고기와 양념을 넣고 끓인다.\n4. 당면과 야채를 넣고 더 끓인다.'),(16,'오삼불고기덮밥','Western','1. 오징어와 삼겹살을 썬다.\n2. 고추장, 간장, 다진 마늘로 양념한다.\n3. 대형 웍에서 볶는다.\n4. 밥 위에 올려 완성한다.'),(17,'불고기크림파스타꽈배기도너츠','Western','1. 소고기를 양념해서 대형 웍에서 볶는다.\n2. 파스타면을 삶는다.\n3. 우유를 졸여 크림소스를 만든다.\n4. 면과 불고기를 크림소스에 볶는다.\n5. 밀가루에 소금, 달걀, 우유를 넣어 반죽한다.\n6. 반죽을 꽈배기 모양으로 만들어 20분간 발효시킨다.\n7. 발효시킨 반죽을 170도로 예열한 튀김유에 나눠서 튀긴다.\n8. 불고기크림파스타에 꽈배기 도너츠를 곁들여 완성한다.'),(18,'돈코츠야사이라멘','Western','1. 돈코츠육수를 준비한다.\n2. 대형 웍에 식용유를 두르고 당근, 숙주나물을 센 불에서 빠르게 볶는다.\n3. 소금과 후추로 간한다.\n4. 파스타면을 삶는다.\n5. 그릇에 면을 담고, 돈코츠 육수를 붓는다.\n6. 볶은 야채와 삶은 달걀을 넣고 완성한다.'),(19,'닭강정오므라이스','RiceBowl','1. 닭고기를 튀겨 강정소스를 묻힌다.\n2. 달걀물을 만든다.\n3. 밥으로 볶음밥을 만든다.\n4. 달걀로 볶음밥을 감싼다.\n5. 닭강정을 위에 올린다.'),(20,'새우달걀볶음밥','HotPot','1. 새우를 다진다.\n2. 달걀을 풀어놓는다.\n3. 대형 웍에 기름을 두르고 새우를 볶는다.\n4. 밥과 달걀을 넣고 볶는다.\n5. 소금, 후추로 간한다.'),(21,'우삼겹두부찌개','Western','1. 돼지고기를 썬다.\n2. 두부를 깍둑썰기한다.\n3. 대형 뚝배기에 육수를 붓고 끓인다.\n4. 고기, 두부, 다진 마늘, 고춧가루를 넣고 끓인다.'),(22,'대패차슈동','HotPot','1. 돼지고기를 얇게 썬다.\n2. 간장으로 양념을 만든다.\n3. 차슈를 양념에 재운다.\n4. 밥 위에 올리고 양념장을 뿌린다.'),(23,'베이컨토마토파스타미니소떡','RiceBowl','1. 파스타면을 삶는다.\n2. 베이컨을 얇게 썰어 양파, 다진 마늘과 함께 대형 웍에서 볶는다.\n3. 양파가 투명해지면 토마토와 토마토 소스를 넣고 중약불에서 끓인다.\n4. 소금과 후추로 간을 한다.\n5. 삶은 파스타를 넣고 볶는다.\n6. 미니소떡을 데워서 함께 제공한다.'),(24,'오삼불고기','Western','1. 오징어와 삼겹살을 썬다.\n2. 고추장, 간장, 다진 마늘로 양념한다.\n3. 대형 웍에서 볶는다.'),(25,'뚝배기어묵김치찌개','Western','1. 어묵을 썬다.\n2. 김치를 썬다.\n3. 대형 뚝배기에 물을 붓고 끓인다.\n4. 어묵, 김치, 다진 마늘, 고춧가루를 넣고 끓인다.'),(26,'안동찜닭덮밥','RiceBowl','1. 닭고기를 손질한다.\n2. 간장, 다진 마늘로 양념을 만든다.\n3. 닭고기를 양념과 함께 대형 솥에서 조린다.\n4. 당면을 넣고 더 조린다.\n5. 밥 위에 올린다.'),(27,'제육덮밥','Western','1. 돼지고기를 썬다.\n2. 고추장, 간장, 다진 마늘로 양념을 만든다.\n3. 고기를 양념과 함께 대형 웍에서 볶는다.\n4. 밥 위에 올린다.'),(28,'떡갈비조림','Western','1. 떡갈비를 준비한다.\n2. 간장, 다진 마늘로 양념을 만든다.\n3. 대형 그릴에서 떡갈비를 굽는다.\n4. 양념을 넣고 조린다.'),(29,'뚝배기만두전골','Western','1. 만두를 준비한다.\n2. 돈코츠 육수를 준비한다.\n3. 대형 전골냄비에 육수를 붓고 끓인다.\n4. 만두와 당근을 넣고 끓인다.'),(30,'돈코츠 마라탕','HotPot','1. 돈코츠 육수를 준비한다.\n2. 마라소스를 넣는다.\n3. 돼지고기와 숙주나물을 넣는다.\n4. 당면을 넣고 끓인다.');
/*!40000 ALTER TABLE `RECIPE` ENABLE KEYS */;
UNLOCK TABLES;

--
-- Table structure for table `RECIPE_INGREDIENT`
--

DROP TABLE IF EXISTS `RECIPE_INGREDIENT`;
/*!40101 SET @saved_cs_client     = @@character_set_client */;
/*!50503 SET character_set_client = utf8mb4 */;
CREATE TABLE `RECIPE_INGREDIENT` (
  `RecipeID` int NOT NULL,
  `IngredientID` int NOT NULL,
  `QuantityRequired` decimal(15,10) NOT NULL,
  PRIMARY KEY (`RecipeID`,`IngredientID`),
  KEY `RECIPE_INGREDIENT_IngredientID_fk` (`IngredientID`),
  CONSTRAINT `RECIPE_INGREDIENT_IngredientID_fk` FOREIGN KEY (`IngredientID`) REFERENCES `INGREDIENT` (`IngredientID`),
  CONSTRAINT `RECIPE_INGREDIENT_RecipeID_fk` FOREIGN KEY (`RecipeID`) REFERENCES `RECIPE` (`RecipeID`)
) ENGINE=InnoDB DEFAULT CHARSET=utf8mb4 COLLATE=utf8mb4_0900_ai_ci;
/*!40101 SET character_set_client = @saved_cs_client */;

--
-- Dumping data for table `RECIPE_INGREDIENT`
--

LOCK TABLES `RECIPE_INGREDIENT` WRITE;
/*!40000 ALTER TABLE `RECIPE_INGREDIENT` DISABLE KEYS */;
INSERT INTO `RECIPE_INGREDIENT` VALUES (1,1,0.0600000000),(1,2,0.1500000000),(1,3,1.6800000000),(1,4,0.1500000000),(1,5,0.1800000000),(1,6,0.0300000000),(1,7,0.1200000000),(2,8,0.1500000000),(2,9,0.3000000000),(2,10,0.1500000000),(2,11,0.9900000000),(2,12,0.0600000000),(2,13,0.0600000000),(2,14,0.0600000000),(2,15,0.0600000000),(2,16,0.1125000000),(2,17,0.0900000000),(3,14,0.0600000000),(3,17,0.0600000000),(3,19,0.1500000000),(3,20,0.0750000000),(3,21,0.0510000000),(3,22,0.1200000000),(3,28,0.0300000000),(3,29,0.1200000000),(4,1,0.0600000000),(4,2,0.1500000000),(4,3,1.6800000000),(4,4,0.1500000000),(4,5,0.1800000000),(4,6,0.0300000000),(4,8,0.1500000000),(4,30,0.0900000000),(4,37,0.0900000000),(5,14,0.0600000000),(5,15,0.0600000000),(5,17,0.0900000000),(5,19,0.2010000000),(5,28,0.0600000000),(5,31,0.1500000000),(5,33,0.0600000000),(5,34,0.0750000000),(6,8,0.2010000000),(6,14,0.0600000000),(6,15,0.1200000000),(6,16,0.1125000000),(6,21,0.0510000000),(6,23,0.3000000000),(6,24,0.2010000000),(6,25,0.1500000000),(6,26,0.1125000000),(6,27,0.1200000000),(7,17,0.0300000000),(7,29,0.1200000000),(7,34,0.0375000000),(7,35,0.1500000000),(7,36,0.1125000000),(8,11,0.9900000000),(8,14,0.0600000000),(8,15,0.0600000000),(8,17,0.0600000000),(8,28,0.0300000000),(8,34,0.0375000000),(9,1,0.0600000000),(9,2,0.1500000000),(9,12,0.2010000000),(9,14,0.0600000000),(9,15,0.0600000000),(9,31,0.1500000000),(9,40,0.2010000000),(10,10,0.1500000000),(10,14,0.0600000000),(10,17,0.0600000000),(10,19,0.2010000000),(10,29,0.1200000000),(10,42,0.1200000000),(11,1,0.0600000000),(11,2,0.1500000000),(11,3,1.6800000000),(11,4,0.1500000000),(11,5,0.1800000000),(11,6,0.0300000000),(11,8,0.2010000000),(11,37,0.0900000000),(12,14,0.0600000000),(12,17,0.0900000000),(12,28,0.0600000000),(12,33,0.0600000000),(12,43,0.3000000000),(13,10,0.1500000000),(13,14,0.0600000000),(13,32,0.0990000000),(13,41,0.2250000000),(13,44,0.2010000000),(14,1,0.0600000000),(14,2,0.1500000000),(14,8,0.2010000000),(14,10,0.1500000000),(14,29,0.1200000000),(14,32,0.0990000000),(15,14,0.0600000000),(15,17,0.0900000000),(15,28,0.0600000000),(15,31,0.1500000000),(15,40,0.2010000000),(16,8,0.1500000000),(16,14,0.0600000000),(16,17,0.0600000000),(16,26,0.1125000000),(16,29,0.1200000000),(16,47,0.2010000000),(17,3,0.8400000000),(17,4,0.3000000000),(17,6,0.0300000000),(17,40,0.1500000000),(17,44,0.2010000000),(17,48,0.4500000000),(18,3,0.8400000000),(18,32,0.0990000000),(18,44,0.2010000000),(18,45,0.3000000000),(18,46,0.7500000000),(19,3,2.4900000000),(19,6,0.0300000000),(19,19,0.2010000000),(19,29,0.1200000000),(20,1,0.0600000000),(20,2,0.1500000000),(20,3,1.6800000000),(20,7,0.1200000000),(20,29,0.1200000000),(21,8,0.2010000000),(21,11,0.9900000000),(21,14,0.0600000000),(21,15,0.0600000000),(22,8,0.2010000000),(22,17,0.0900000000),(22,29,0.1200000000),(23,1,0.0300000000),(23,2,0.0750000000),(23,8,0.0990000000),(23,10,0.0750000000),(23,14,0.0300000000),(23,18,0.0450000000),(23,38,0.2010000000),(23,39,0.1500000000),(23,44,0.2010000000),(23,51,0.1500000000),(24,8,0.1500000000),(24,14,0.0600000000),(24,17,0.0600000000),(24,26,0.1125000000),(24,47,0.2010000000),(25,9,0.3000000000),(25,14,0.0600000000),(25,15,0.0600000000),(25,49,0.2010000000),(26,17,0.0900000000),(26,19,0.2010000000),(26,29,0.1200000000),(26,31,0.1500000000),(27,8,0.2010000000),(27,14,0.0600000000),(27,26,0.1125000000),(27,29,0.1200000000),(28,14,0.0600000000),(28,17,0.0900000000),(28,43,0.3000000000),(29,32,0.0990000000),(29,46,0.7500000000),(29,50,0.2010000000),(30,8,0.0990000000),(30,31,0.1500000000),(30,45,0.3000000000),(30,46,0.7500000000),(30,52,0.1500000000);
/*!40000 ALTER TABLE `RECIPE_INGREDIENT` ENABLE KEYS */;
UNLOCK TABLES;

--
-- Table structure for table `STOCK`
--

DROP TABLE IF EXISTS `STOCK`;
/*!40101 SET @saved_cs_client     = @@character_set_client */;
/*!50503 SET character_set_client = utf8mb4 */;
CREATE TABLE `STOCK` (
  `StockID` int NOT NULL AUTO_INCREMENT,
  `StockQuantity` decimal(10,2) NOT NULL,
  `ExpiryDate` datetime DEFAULT NULL,
  `IngredientID` int NOT NULL,
  PRIMARY KEY (`StockID`),
  KEY `STOCK_IngredientID_fk` (`IngredientID`),
  CONSTRAINT `STOCK_IngredientID_fk` FOREIGN KEY (`IngredientID`) REFERENCES `INGREDIENT` (`IngredientID`)
) ENGINE=InnoDB AUTO_INCREMENT=49 DEFAULT CHARSET=utf8mb4 COLLATE=utf8mb4_0900_ai_ci;
/*!40101 SET character_set_client = @saved_cs_client */;

--
-- Dumping data for table `STOCK`
--

LOCK TABLES `STOCK` WRITE;
/*!40000 ALTER TABLE `STOCK` DISABLE KEYS */;
INSERT INTO `STOCK` VALUES (1,54.00,'2025-01-11 11:44:02',1),(2,147.00,'2025-07-12 17:09:57',2),(3,44.00,'2025-09-07 20:57:06',3),(4,59.00,'2025-06-09 21:15:31',3),(5,476.00,'2025-11-15 03:41:56',5),(6,118.00,'2025-04-21 04:59:30',6),(7,210.00,'2025-06-21 04:31:12',9),(8,416.00,'2025-04-14 10:09:15',9),(9,254.00,'2025-08-27 06:47:39',10),(10,310.00,'2025-07-28 18:14:58',11),(11,198.00,'2025-02-15 16:27:56',12),(12,434.00,'2025-11-24 09:29:22',13),(13,62.00,'2025-08-22 07:39:47',14),(14,163.00,'2025-07-05 16:58:00',14),(15,427.00,'2025-12-13 00:51:13',16),(16,267.00,'2024-12-06 21:56:06',18),(17,68.00,'2024-12-01 07:08:56',19),(18,16.00,'2025-04-28 23:03:24',20),(19,139.00,'2025-06-10 17:02:50',21),(20,470.00,'2025-08-29 00:03:46',22),(21,129.00,'2025-07-16 12:26:32',22),(22,110.00,'2023-07-15 04:48:59',24),(23,441.00,'2025-09-14 11:31:58',25),(24,431.00,'2025-12-30 17:16:47',27),(25,245.00,'2023-01-17 15:21:38',28),(26,481.00,'2025-11-21 16:57:20',29),(27,201.00,'2025-04-23 08:19:42',30),(28,291.00,'2025-02-15 20:29:22',31),(29,101.00,'2025-09-06 21:11:50',32),(30,120.00,'2025-11-24 02:52:09',33),(31,266.00,'2025-10-05 06:50:46',34),(32,160.00,'2023-09-18 07:51:00',35),(33,133.00,'2025-08-17 03:11:24',35),(34,114.00,'2025-04-20 17:56:33',35),(35,31.00,'2025-06-26 02:00:41',38),(36,418.00,'2025-03-23 19:06:51',39),(37,134.00,'2025-05-27 20:30:05',40),(38,43.00,'2025-02-23 05:05:47',41),(39,146.00,'2025-11-01 14:32:10',42),(40,94.00,'2023-04-01 19:27:33',43),(41,102.00,'2025-09-18 02:37:46',44),(42,284.00,'2025-12-16 04:00:28',46),(43,91.00,'2025-06-20 21:54:58',46),(44,271.00,'2024-12-29 08:46:44',47),(45,424.00,'2025-04-29 11:50:25',48),(46,127.00,'2025-02-02 01:39:52',50),(47,117.00,'2023-03-02 03:34:23',50),(48,155.00,'2025-06-30 12:09:05',50);
/*!40000 ALTER TABLE `STOCK` ENABLE KEYS */;
UNLOCK TABLES;

--
-- Table structure for table `SUPPLIER`
--

DROP TABLE IF EXISTS `SUPPLIER`;
/*!40101 SET @saved_cs_client     = @@character_set_client */;
/*!50503 SET character_set_client = utf8mb4 */;
CREATE TABLE `SUPPLIER` (
  `SupplierID` int NOT NULL AUTO_INCREMENT,
  `Name` varchar(255) NOT NULL,
  `Phone` char(15) NOT NULL,
  `Address` varchar(255) NOT NULL,
  PRIMARY KEY (`SupplierID`)
) ENGINE=InnoDB AUTO_INCREMENT=7 DEFAULT CHARSET=utf8mb4 COLLATE=utf8mb4_0900_ai_ci;
/*!40101 SET character_set_client = @saved_cs_client */;

--
-- Dumping data for table `SUPPLIER`
--

LOCK TABLES `SUPPLIER` WRITE;
/*!40000 ALTER TABLE `SUPPLIER` DISABLE KEYS */;
INSERT INTO `SUPPLIER` VALUES (1,'오뚜기','010-1234-5678','Seoul, Gangnam-gu'),(2,'농협','010-2345-6789','Seoul, Seocho-gu'),(3,'동원','010-3456-7890','Seoul, Jongno-gu'),(4,'철수네 수산물','010-4567-8901','Incheon, Bupyeong-gu'),(5,'비비고','010-4567-8901','Incheon, Bupyeong-gu'),(6,'용주네 목장','010-5678-9012','Gyeonggi, Suwon-si');
/*!40000 ALTER TABLE `SUPPLIER` ENABLE KEYS */;
UNLOCK TABLES;

--
-- Table structure for table `SUPPLIER_CONTRACT`
--

DROP TABLE IF EXISTS `SUPPLIER_CONTRACT`;
/*!40101 SET @saved_cs_client     = @@character_set_client */;
/*!50503 SET character_set_client = utf8mb4 */;
CREATE TABLE `SUPPLIER_CONTRACT` (
  `ContractID` int NOT NULL AUTO_INCREMENT,
  `StartDate` date NOT NULL,
  `EndDate` date NOT NULL,
  `SupplierID` int NOT NULL,
  PRIMARY KEY (`ContractID`),
  KEY `SUPPLIER_CONTRACT_SupplierID_fk` (`SupplierID`),
  CONSTRAINT `SUPPLIER_CONTRACT_SupplierID_fk` FOREIGN KEY (`SupplierID`) REFERENCES `SUPPLIER` (`SupplierID`)
) ENGINE=InnoDB AUTO_INCREMENT=12 DEFAULT CHARSET=utf8mb4 COLLATE=utf8mb4_0900_ai_ci;
/*!40101 SET character_set_client = @saved_cs_client */;

--
-- Dumping data for table `SUPPLIER_CONTRACT`
--

LOCK TABLES `SUPPLIER_CONTRACT` WRITE;
/*!40000 ALTER TABLE `SUPPLIER_CONTRACT` DISABLE KEYS */;
INSERT INTO `SUPPLIER_CONTRACT` VALUES (1,'2007-01-01','2008-12-31',1),(2,'2009-01-01','2010-12-31',1),(3,'2011-01-01','2012-12-31',1),(4,'2023-01-01','2024-12-31',1),(5,'2019-07-01','2022-06-30',2),(6,'2022-07-01','2025-06-30',2),(7,'2023-05-01','2024-05-01',3),(8,'2019-05-01','2021-12-31',4),(9,'2023-05-01','2025-10-30',4),(10,'2023-05-01','2024-05-01',5),(11,'2023-05-01','2025-05-01',6);
/*!40000 ALTER TABLE `SUPPLIER_CONTRACT` ENABLE KEYS */;
UNLOCK TABLES;
SET @@SESSION.SQL_LOG_BIN = @MYSQLDUMP_TEMP_LOG_BIN;
/*!40103 SET TIME_ZONE=@OLD_TIME_ZONE */;

/*!40101 SET SQL_MODE=@OLD_SQL_MODE */;
/*!40014 SET FOREIGN_KEY_CHECKS=@OLD_FOREIGN_KEY_CHECKS */;
/*!40014 SET UNIQUE_CHECKS=@OLD_UNIQUE_CHECKS */;
/*!40101 SET CHARACTER_SET_CLIENT=@OLD_CHARACTER_SET_CLIENT */;
/*!40101 SET CHARACTER_SET_RESULTS=@OLD_CHARACTER_SET_RESULTS */;
/*!40101 SET COLLATION_CONNECTION=@OLD_COLLATION_CONNECTION */;
/*!40111 SET SQL_NOTES=@OLD_SQL_NOTES */;

-- Dump completed on 2024-11-22  7:12:25
